src_ip,dst_ip,src_port,dst_port,ip_proto,device_id,frame_len,label,timestamp
10.0.0.29,10.0.0.7,10168,443,6,of:0000000000000001,1349,video,1740564929983220000
10.0.0.29,10.0.0.7,10168,443,6,of:0000000000000001,1158,video,1740564929988775000
10.0.0.29,10.0.0.7,10168,443,6,of:0000000000000001,1394,video,1740564929989775000
10.0.0.29,10.0.0.7,10168,443,6,of:0000000000000001,1656,video,1740564929990775000
10.0.0.29,10.0.0.7,10168,443,6,of:0000000000000001,1129,video,1740564929991775000
10.0.0.29,10.0.0.7,10168,443,6,of:0000000000000001,1129,video,1740564929992775000
10.0.0.29,10.0.0.7,10168,443,6,of:0000000000000001,1673,video,1740564929993775000
10.0.0.29,10.0.0.7,10168,443,6,of:0000000000000001,1430,video,1740564930000261000
10.0.0.29,10.0.0.7,10168,443,6,of:0000000000000001,1059,video,1740564930001261000
10.0.0.29,10.0.0.7,10168,443,6,of:0000000000000001,1362,video,1740564930002261000
10.0.0.29,10.0.0.7,10168,443,6,of:0000000000000001,1060,video,1740564930003261000
10.0.0.29,10.0.0.7,10168,443,6,of:0000000000000001,1060,video,1740564930010922000
10.0.0.29,10.0.0.7,10168,443,6,of:0000000000000001,1272,video,1740564930011922000
10.0.0.29,10.0.0.7,10168,443,6,of:0000000000000001,626,video,1740564930012922000
10.0.0.29,10.0.0.7,10168,443,6,of:0000000000000001,682,video,1740564930013922000
10.0.0.29,10.0.0.7,10168,443,6,of:0000000000000001,1031,video,1740564930022491000
10.0.0.29,10.0.0.7,10168,443,6,of:0000000000000001,896,video,1740564930029778000
10.0.0.29,10.0.0.7,10168,443,6,of:0000000000000001,1294,video,1740564930036999000
10.0.0.29,10.0.0.7,10168,443,6,of:0000000000000001,927,video,1740564930045105000
10.0.0.29,10.0.0.7,10168,443,6,of:0000000000000001,776,video,1740564930046105000
10.0.0.29,10.0.0.7,10168,443,6,of:0000000000000001,1639,video,1740564930047105000
10.0.0.29,10.0.0.7,10168,443,6,of:0000000000000001,1132,video,1740564930048105000
10.0.0.29,10.0.0.7,10168,443,6,of:0000000000000001,1220,video,1740564930049105000
10.0.0.29,10.0.0.7,10168,443,6,of:0000000000000001,772,video,1740564930050105000
10.0.0.29,10.0.0.7,10168,443,6,of:0000000000000001,1036,video,1740564930059439000
10.0.0.29,10.0.0.7,10168,443,6,of:0000000000000001,1233,video,1740564930060439000
10.0.0.29,10.0.0.7,10168,443,6,of:0000000000000001,854,video,1740564930061439000
10.0.0.29,10.0.0.7,10168,443,6,of:0000000000000001,1312,video,1740564930062439000
10.0.0.29,10.0.0.7,10168,443,6,of:0000000000000001,1019,video,1740564930063439000
10.0.0.29,10.0.0.7,10168,443,6,of:0000000000000001,1112,video,1740564930073055000
10.0.0.29,10.0.0.7,10168,443,6,of:0000000000000001,1019,video,1740564930082298000
10.0.0.29,10.0.0.7,10168,443,6,of:0000000000000001,1755,video,1740564930091505000
10.0.0.29,10.0.0.7,10168,443,6,of:0000000000000001,1195,video,1740564930092505000
10.0.0.29,10.0.0.7,10168,443,6,of:0000000000000001,882,video,1740564930093505000
10.0.0.29,10.0.0.7,10168,443,6,of:0000000000000001,1446,video,1740564930094505000
10.0.0.29,10.0.0.7,10168,443,6,of:0000000000000001,833,video,1740564930095505000
10.0.0.29,10.0.0.7,10168,443,6,of:0000000000000001,1262,video,1740564930096505000
10.0.0.29,10.0.0.7,10168,443,6,of:0000000000000001,612,video,1740564930108145000
10.0.0.29,10.0.0.7,10168,443,6,of:0000000000000001,801,video,1740564930118599000
10.0.0.29,10.0.0.7,10168,443,6,of:0000000000000001,1259,video,1740564930130179000
10.0.0.29,10.0.0.7,10168,443,6,of:0000000000000001,1421,video,1740564930141991000
10.0.0.29,10.0.0.7,10168,443,6,of:0000000000000001,1251,video,1740564930153614000
10.0.0.29,10.0.0.7,10168,443,6,of:0000000000000001,1165,video,1740564930154614000
10.0.0.29,10.0.0.7,10168,443,6,of:0000000000000001,1109,video,1740564930155614000
10.0.0.29,10.0.0.7,10168,443,6,of:0000000000000001,756,video,1740564930156614000
10.0.0.29,10.0.0.7,10168,443,6,of:0000000000000001,984,video,1740564930170023000
10.0.0.29,10.0.0.7,10168,443,6,of:0000000000000001,1061,video,1740564930182787000
10.0.0.29,10.0.0.7,10168,443,6,of:0000000000000001,1517,video,1740564930194566000
10.0.0.29,10.0.0.7,10168,443,6,of:0000000000000001,1303,video,1740564930207600000
10.0.0.29,10.0.0.7,10168,443,6,of:0000000000000001,671,video,1740564930208600000
10.0.0.29,10.0.0.7,10168,443,6,of:0000000000000001,1297,video,1740564930209600000
10.0.0.29,10.0.0.7,10168,443,6,of:0000000000000001,1084,video,1740564930210600000
10.0.0.29,10.0.0.7,10168,443,6,of:0000000000000001,996,video,1740564930211600000
10.0.0.29,10.0.0.7,10168,443,6,of:0000000000000001,1383,video,1740564930224816000
10.0.0.29,10.0.0.7,10168,443,6,of:0000000000000001,1509,video,1740564930239083000
10.0.0.29,10.0.0.7,10168,443,6,of:0000000000000001,1479,video,1740564930252643000
10.0.0.29,10.0.0.7,10168,443,6,of:0000000000000001,948,video,1740564930253643000
10.0.0.29,10.0.0.7,10168,443,6,of:0000000000000001,1107,video,1740564930254643000
10.0.0.29,10.0.0.7,10168,443,6,of:0000000000000001,1299,video,1740564930255643000
10.0.0.29,10.0.0.7,10168,443,6,of:0000000000000001,1492,video,1740564930256643000
10.0.0.29,10.0.0.7,10168,443,6,of:0000000000000001,1056,video,1740564930257643000
10.0.0.29,10.0.0.7,10168,443,6,of:0000000000000001,1144,video,1740564930258643000
10.0.0.29,10.0.0.7,10168,443,6,of:0000000000000001,868,video,1740564930259643000
10.0.0.29,10.0.0.7,10168,443,6,of:0000000000000001,841,video,1740564930274378000
10.0.0.29,10.0.0.7,10168,443,6,of:0000000000000001,1443,video,1740564930288329000
10.0.0.29,10.0.0.7,10168,443,6,of:0000000000000001,1606,video,1740564930303660000
10.0.0.29,10.0.0.7,10168,443,6,of:0000000000000001,1178,video,1740564930318060000
10.0.0.29,10.0.0.7,10168,443,6,of:0000000000000001,1501,video,1740564930331796000
10.0.0.29,10.0.0.7,10168,443,6,of:0000000000000001,1308,video,1740564930347951000
10.0.0.29,10.0.0.7,10168,443,6,of:0000000000000001,1006,video,1740564930361992000
10.0.0.29,10.0.0.7,10168,443,6,of:0000000000000001,1308,video,1740564930377727000
10.0.0.29,10.0.0.7,10168,443,6,of:0000000000000001,1661,video,1740564930392503000
10.0.0.29,10.0.0.7,10168,443,6,of:0000000000000001,1189,video,1740564930409548000
10.0.0.29,10.0.0.7,10168,443,6,of:0000000000000001,1669,video,1740564930424384000
10.0.0.29,10.0.0.7,10168,443,6,of:0000000000000001,500,video,1740564930425384000
10.0.0.29,10.0.0.7,10168,443,6,of:0000000000000001,1446,video,1740564930426384000
10.0.0.29,10.0.0.7,10168,443,6,of:0000000000000001,1226,video,1740564930427384000
10.0.0.29,10.0.0.7,10168,443,6,of:0000000000000001,1110,video,1740564930428384000
10.0.0.29,10.0.0.7,10168,443,6,of:0000000000000001,1227,video,1740564930429384000
10.0.0.29,10.0.0.7,10168,443,6,of:0000000000000001,603,video,1740564930430384000
10.0.0.29,10.0.0.7,10168,443,6,of:0000000000000001,1134,video,1740564930431384000
10.0.0.29,10.0.0.7,10168,443,6,of:0000000000000001,1307,video,1740564930449775000
10.0.0.29,10.0.0.7,10168,443,6,of:0000000000000001,1643,video,1740564930467399000
10.0.0.29,10.0.0.7,10168,443,6,of:0000000000000001,1044,video,1740564930484529000
10.0.0.29,10.0.0.7,10168,443,6,of:0000000000000001,957,video,1740564930503915000
10.0.0.29,10.0.0.7,10168,443,6,of:0000000000000001,1049,video,1740564930520242000
10.0.0.29,10.0.0.7,10168,443,6,of:0000000000000001,1474,video,1740564930521242000
10.0.0.29,10.0.0.7,10168,443,6,of:0000000000000001,1298,video,1740564930522242000
10.0.0.29,10.0.0.7,10168,443,6,of:0000000000000001,1041,video,1740564930540209000
10.0.0.29,10.0.0.7,10168,443,6,of:0000000000000001,1353,video,1740564930541209000
10.0.0.29,10.0.0.7,10168,443,6,of:0000000000000001,1229,video,1740564930542209000
10.0.0.29,10.0.0.7,10168,443,6,of:0000000000000001,1490,video,1740564930543209000
10.0.0.29,10.0.0.7,10168,443,6,of:0000000000000001,989,video,1740564930544209000
10.0.0.29,10.0.0.7,10168,443,6,of:0000000000000001,1101,video,1740564930545209000
10.0.0.29,10.0.0.7,10168,443,6,of:0000000000000001,1082,video,1740564930546209000
10.0.0.29,10.0.0.7,10168,443,6,of:0000000000000001,760,video,1740564930547209000
10.0.0.29,10.0.0.7,10168,443,6,of:0000000000000001,1288,video,1740564930567343000
10.0.0.29,10.0.0.7,10168,443,6,of:0000000000000001,1278,video,1740564930568343000
10.0.0.29,10.0.0.7,10168,443,6,of:0000000000000001,1201,video,1740564930569343000
10.0.0.29,10.0.0.7,10168,443,6,of:0000000000000001,1129,video,1740564930570343000
10.0.0.29,10.0.0.7,10168,443,6,of:0000000000000001,775,video,1740564930571343000
10.0.0.29,10.0.0.7,10168,443,6,of:0000000000000001,1073,video,1740564930572343000
10.0.0.29,10.0.0.7,10168,443,6,of:0000000000000001,1097,video,1740564930594071000
10.0.0.29,10.0.0.7,10168,443,6,of:0000000000000001,959,video,1740564930613541000
10.0.0.29,10.0.0.7,10168,443,6,of:0000000000000001,1151,video,1740564930636006000
10.0.0.29,10.0.0.7,10168,443,6,of:0000000000000001,1321,video,1740564930655193000
10.0.0.29,10.0.0.7,10168,443,6,of:0000000000000001,1765,video,1740564930677184000
10.0.0.29,10.0.0.7,10168,443,6,of:0000000000000001,1252,video,1740564930697600000
10.0.0.29,10.0.0.7,10168,443,6,of:0000000000000001,1277,video,1740564930717388000
10.0.0.29,10.0.0.7,10168,443,6,of:0000000000000001,1177,video,1740564930718388000
10.0.0.29,10.0.0.7,10168,443,6,of:0000000000000001,624,video,1740564930719388000
10.0.0.29,10.0.0.7,10168,443,6,of:0000000000000001,1192,video,1740564930720388000
10.0.0.29,10.0.0.7,10168,443,6,of:0000000000000001,1218,video,1740564930721388000
10.0.0.29,10.0.0.7,10168,443,6,of:0000000000000001,1938,video,1740564930722388000
10.0.0.29,10.0.0.7,10168,443,6,of:0000000000000001,1142,video,1740564930723388000
10.0.0.29,10.0.0.7,10168,443,6,of:0000000000000001,1290,video,1740564930724388000
10.0.0.29,10.0.0.7,10168,443,6,of:0000000000000001,1189,video,1740564930749519000
10.0.0.29,10.0.0.7,10168,443,6,of:0000000000000001,849,video,1740564930772116000
10.0.0.29,10.0.0.7,10168,443,6,of:0000000000000001,1542,video,1740564930773116000
10.0.0.29,10.0.0.7,10168,443,6,of:0000000000000001,1425,video,1740564930774116000
10.0.0.29,10.0.0.7,10168,443,6,of:0000000000000001,1437,video,1740564930799868000
10.0.0.29,10.0.0.7,10168,443,6,of:0000000000000001,927,video,1740564930823709000
10.0.0.29,10.0.0.7,10168,443,6,of:0000000000000001,1620,video,1740564930845433000
10.0.0.29,10.0.0.7,10168,443,6,of:0000000000000001,779,video,1740564930869115000
10.0.0.29,10.0.0.7,10168,443,6,of:0000000000000001,1376,video,1740564930892905000
10.0.0.29,10.0.0.7,10168,443,6,of:0000000000000001,1857,video,1740564930893905000
10.0.0.29,10.0.0.7,10168,443,6,of:0000000000000001,902,video,1740564930894905000
10.0.0.29,10.0.0.7,10168,443,6,of:0000000000000001,1030,video,1740564930895905000
10.0.0.29,10.0.0.7,10168,443,6,of:0000000000000001,1229,video,1740564930896905000
10.0.0.29,10.0.0.7,10168,443,6,of:0000000000000001,1048,video,1740564930922248000
10.0.0.29,10.0.0.7,10168,443,6,of:0000000000000001,734,video,1740564930923248000
10.0.0.29,10.0.0.7,10168,443,6,of:0000000000000001,1220,video,1740564930924248000
10.0.0.29,10.0.0.7,10168,443,6,of:0000000000000001,881,video,1740564930925248000
10.0.0.29,10.0.0.7,10168,443,6,of:0000000000000001,1342,video,1740564930926248000
10.0.0.29,10.0.0.7,10168,443,6,of:0000000000000001,924,video,1740564930954141000
10.0.0.29,10.0.0.7,10168,443,6,of:0000000000000001,1664,video,1740564930978179000
10.0.0.29,10.0.0.7,10168,443,6,of:0000000000000001,965,video,1740564930979179000
10.0.0.29,10.0.0.7,10168,443,6,of:0000000000000001,1103,video,1740564930980179000
10.0.0.29,10.0.0.7,10168,443,6,of:0000000000000001,1444,video,1740564930981179000
10.0.0.29,10.0.0.7,10168,443,6,of:0000000000000001,830,video,1740564930982179000
10.0.0.29,10.0.0.7,10168,443,6,of:0000000000000001,1268,video,1740564930983179000
10.0.0.29,10.0.0.7,10168,443,6,of:0000000000000001,1592,video,1740564930984179000
10.0.0.29,10.0.0.7,10168,443,6,of:0000000000000001,717,video,1740564931012414000
10.0.0.29,10.0.0.7,10168,443,6,of:0000000000000001,1255,video,1740564931013414000
10.0.0.29,10.0.0.7,10168,443,6,of:0000000000000001,1277,video,1740564931014414000
10.0.0.29,10.0.0.7,10168,443,6,of:0000000000000001,1434,video,1740564931015414000
10.0.0.29,10.0.0.7,10168,443,6,of:0000000000000001,828,video,1740564931016414000
10.0.0.29,10.0.0.7,10168,443,6,of:0000000000000001,803,video,1740564931017414000
10.0.0.29,10.0.0.7,10168,443,6,of:0000000000000001,1356,video,1740564931044994000
10.0.0.29,10.0.0.7,10168,443,6,of:0000000000000001,1289,video,1740564931070157000
10.0.0.29,10.0.0.7,10168,443,6,of:0000000000000001,1275,video,1740564931071157000
10.0.0.29,10.0.0.7,10168,443,6,of:0000000000000001,1303,video,1740564931072157000
10.0.0.29,10.0.0.7,10168,443,6,of:0000000000000001,995,video,1740564931073157000
10.0.0.29,10.0.0.7,10168,443,6,of:0000000000000001,1269,video,1740564931074157000
10.0.0.29,10.0.0.7,10168,443,6,of:0000000000000001,1287,video,1740564931075157000
10.0.0.29,10.0.0.7,10168,443,6,of:0000000000000001,985,video,1740564931076157000
10.0.0.29,10.0.0.7,10168,443,6,of:0000000000000001,1759,video,1740564931077157000
10.0.0.29,10.0.0.7,10168,443,6,of:0000000000000001,1342,video,1740564931103034000
10.0.0.29,10.0.0.7,10168,443,6,of:0000000000000001,842,video,1740564931126859000
10.0.0.29,10.0.0.7,10168,443,6,of:0000000000000001,1396,video,1740564931151475000
10.0.0.29,10.0.0.7,10168,443,6,of:0000000000000001,907,video,1740564931176671000
10.0.0.29,10.0.0.7,10168,443,6,of:0000000000000001,1436,video,1740564931200177000
10.0.0.29,10.0.0.7,10168,443,6,of:0000000000000001,1547,video,1740564931227653000
10.0.0.29,10.0.0.7,10168,443,6,of:0000000000000001,953,video,1740564931252343000
10.0.0.29,10.0.0.7,10168,443,6,of:0000000000000001,1489,video,1740564931275448000
10.0.0.29,10.0.0.7,10168,443,6,of:0000000000000001,1323,video,1740564931299639000
10.0.0.29,10.0.0.7,10168,443,6,of:0000000000000001,1446,video,1740564931323289000
10.0.0.29,10.0.0.7,10168,443,6,of:0000000000000001,1769,video,1740564931346144000
10.0.0.29,10.0.0.7,10168,443,6,of:0000000000000001,1126,video,1740564931369789000
10.0.0.29,10.0.0.7,10168,443,6,of:0000000000000001,973,video,1740564931396587000
10.0.0.29,10.0.0.7,10168,443,6,of:0000000000000001,933,video,1740564931397587000
10.0.0.29,10.0.0.7,10168,443,6,of:0000000000000001,955,video,1740564931398587000
10.0.0.29,10.0.0.7,10168,443,6,of:0000000000000001,1176,video,1740564931399587000
10.0.0.29,10.0.0.7,10168,443,6,of:0000000000000001,1302,video,1740564931424480000
10.0.0.29,10.0.0.7,10168,443,6,of:0000000000000001,1283,video,1740564931449676000
10.0.0.29,10.0.0.7,10168,443,6,of:0000000000000001,1448,video,1740564931476588000
10.0.0.29,10.0.0.7,10168,443,6,of:0000000000000001,1203,video,1740564931500303000
10.0.0.29,10.0.0.7,10168,443,6,of:0000000000000001,1636,video,1740564931524838000
10.0.0.29,10.0.0.7,10168,443,6,of:0000000000000001,1120,video,1740564931525838000
10.0.0.29,10.0.0.7,10168,443,6,of:0000000000000001,2016,video,1740564931526838000
10.0.0.29,10.0.0.7,10168,443,6,of:0000000000000001,1387,video,1740564931527838000
10.0.0.29,10.0.0.7,10168,443,6,of:0000000000000001,942,video,1740564931528838000
10.0.0.29,10.0.0.7,10168,443,6,of:0000000000000001,878,video,1740564931529838000
10.0.0.29,10.0.0.7,10168,443,6,of:0000000000000001,1344,video,1740564931530838000
10.0.0.29,10.0.0.7,10168,443,6,of:0000000000000001,1132,video,1740564931531838000
10.0.0.29,10.0.0.7,10168,443,6,of:0000000000000001,1414,video,1740564931557493000
10.0.0.29,10.0.0.7,10168,443,6,of:0000000000000001,1341,video,1740564931582328000
10.0.0.29,10.0.0.7,10168,443,6,of:0000000000000001,1178,video,1740564931608195000
10.0.0.29,10.0.0.7,10168,443,6,of:0000000000000001,945,video,1740564931631187000
10.0.0.29,10.0.0.7,10168,443,6,of:0000000000000001,745,video,1740564931655384000
10.0.0.29,10.0.0.7,10168,443,6,of:0000000000000001,1066,video,1740564931679127000
10.0.0.29,10.0.0.7,10168,443,6,of:0000000000000001,1456,video,1740564931680127000
10.0.0.29,10.0.0.7,10168,443,6,of:0000000000000001,1264,video,1740564931681127000
10.0.0.29,10.0.0.7,10168,443,6,of:0000000000000001,826,video,1740564931682127000
10.0.0.29,10.0.0.7,10168,443,6,of:0000000000000001,1251,video,1740564931683127000
10.0.0.29,10.0.0.7,10168,443,6,of:0000000000000001,1315,video,1740564931684127000
10.0.0.29,10.0.0.7,10168,443,6,of:0000000000000001,934,video,1740564931708328000
10.0.0.29,10.0.0.7,10168,443,6,of:0000000000000001,1246,video,1740564931709328000
10.0.0.29,10.0.0.7,10168,443,6,of:0000000000000001,1217,video,1740564931710328000
10.0.0.29,10.0.0.7,10168,443,6,of:0000000000000001,857,video,1740564931711328000
10.0.0.29,10.0.0.7,10168,443,6,of:0000000000000001,1307,video,1740564931712328000
10.0.0.29,10.0.0.7,10168,443,6,of:0000000000000001,1368,video,1740564931713328000
10.0.0.29,10.0.0.7,10168,443,6,of:0000000000000001,1524,video,1740564931738077000
10.0.0.29,10.0.0.7,10168,443,6,of:0000000000000001,1516,video,1740564931762793000
10.0.0.29,10.0.0.7,10168,443,6,of:0000000000000001,786,video,1740564931788044000
10.0.0.29,10.0.0.7,10168,443,6,of:0000000000000001,918,video,1740564931789044000
10.0.0.29,10.0.0.7,10168,443,6,of:0000000000000001,1354,video,1740564931790044000
10.0.0.29,10.0.0.7,10168,443,6,of:0000000000000001,1354,video,1740564931791044000
10.0.0.29,10.0.0.7,10168,443,6,of:0000000000000001,1354,video,1740564931792044000
10.0.0.29,10.0.0.7,10168,443,6,of:0000000000000001,2355,video,1740564931793044000
10.0.0.29,10.0.0.7,10168,443,6,of:0000000000000001,1371,video,1740564931794044000
10.0.0.29,10.0.0.7,10168,443,6,of:0000000000000001,1540,video,1740564931821724000
10.0.0.29,10.0.0.7,10168,443,6,of:0000000000000001,1486,video,1740564931848856000
10.0.0.29,10.0.0.7,10168,443,6,of:0000000000000001,1395,video,1740564931872188000
10.0.0.29,10.0.0.7,10168,443,6,of:0000000000000001,1105,video,1740564931895756000
10.0.0.29,10.0.0.7,10168,443,6,of:0000000000000001,1427,video,1740564931918550000
10.0.0.29,10.0.0.7,10168,443,6,of:0000000000000001,968,video,1740564931945976000
10.0.0.29,10.0.0.7,10168,443,6,of:0000000000000001,1128,video,1740564931972397000
10.0.0.29,10.0.0.7,20469,5061,17,of:0000000000000001,175,voip,1740564929983220000
10.0.0.29,10.0.0.7,20469,5061,17,of:0000000000000001,204,voip,1740564929993582000
10.0.0.29,10.0.0.7,20469,5061,17,of:0000000000000001,315,voip,1740564930004498000
10.0.0.29,10.0.0.7,20469,5061,17,of:0000000000000001,106,voip,1740564930015276000
10.0.0.29,10.0.0.7,20469,5061,17,of:0000000000000001,234,voip,1740564930026838000
10.0.0.29,10.0.0.7,20469,5061,17,of:0000000000000001,119,voip,1740564930038852000
10.0.0.29,10.0.0.7,20469,5061,17,of:0000000000000001,176,voip,1740564930049348000
10.0.0.29,10.0.0.7,20469,5061,17,of:0000000000000001,254,voip,1740564930061148000
10.0.0.29,10.0.0.7,20469,5061,17,of:0000000000000001,203,voip,1740564930071866000
10.0.0.29,10.0.0.7,20469,5061,17,of:0000000000000001,146,voip,1740564930083067000
10.0.0.29,10.0.0.7,20469,5061,17,of:0000000000000001,164,voip,1740564930095353000
10.0.0.29,10.0.0.7,20469,5061,17,of:0000000000000001,233,voip,1740564930107757000
10.0.0.29,10.0.0.7,20469,5061,17,of:0000000000000001,163,voip,1740564930121236000
10.0.0.29,10.0.0.7,20469,5061,17,of:0000000000000001,210,voip,1740564930134380000
10.0.0.29,10.0.0.7,20469,5061,17,of:0000000000000001,202,voip,1740564930146914000
10.0.0.29,10.0.0.7,20469,5061,17,of:0000000000000001,167,voip,1740564930159394000
10.0.0.29,10.0.0.7,20469,5061,17,of:0000000000000001,307,voip,1740564930173258000
10.0.0.29,10.0.0.7,20469,5061,17,of:0000000000000001,231,voip,1740564930186547000
10.0.0.29,10.0.0.7,20469,5061,17,of:0000000000000001,98,voip,1740564930201496000
10.0.0.29,10.0.0.7,20469,5061,17,of:0000000000000001,209,voip,1740564930214504000
10.0.0.29,10.0.0.7,20469,5061,17,of:0000000000000001,166,voip,1740564930229717000
10.0.0.29,10.0.0.7,20469,5061,17,of:0000000000000001,242,voip,1740564930244995000
10.0.0.29,10.0.0.7,20469,5061,17,of:0000000000000001,160,voip,1740564930258409000
10.0.0.29,10.0.0.7,20469,5061,17,of:0000000000000001,194,voip,1740564930273603000
10.0.0.29,10.0.0.7,20469,5061,17,of:0000000000000001,225,voip,1740564930289845000
10.0.0.29,10.0.0.7,20469,5061,17,of:0000000000000001,243,voip,1740564930303369000
10.0.0.29,10.0.0.7,20469,5061,17,of:0000000000000001,139,voip,1740564930317959000
10.0.0.29,10.0.0.7,20469,5061,17,of:0000000000000001,183,voip,1740564930334711000
10.0.0.29,10.0.0.7,20469,5061,17,of:0000000000000001,176,voip,1740564930349111000
10.0.0.29,10.0.0.7,20469,5061,17,of:0000000000000001,167,voip,1740564930365079000
10.0.0.29,10.0.0.7,20469,5061,17,of:0000000000000001,288,voip,1740564930381415000
10.0.0.29,10.0.0.7,20469,5061,17,of:0000000000000001,220,voip,1740564930396654000
10.0.0.29,10.0.0.7,20469,5061,17,of:0000000000000001,136,voip,1740564930412280000
10.0.0.29,10.0.0.7,20469,5061,17,of:0000000000000001,245,voip,1740564930430226000
10.0.0.29,10.0.0.7,20469,5061,17,of:0000000000000001,306,voip,1740564930445656000
10.0.0.29,10.0.0.7,20469,5061,17,of:0000000000000001,251,voip,1740564930461897000
10.0.0.29,10.0.0.7,20469,5061,17,of:0000000000000001,124,voip,1740564930462897000
10.0.0.29,10.0.0.7,20469,5061,17,of:0000000000000001,175,voip,1740564930463897000
10.0.0.29,10.0.0.7,20469,5061,17,of:0000000000000001,263,voip,1740564930464897000
10.0.0.29,10.0.0.7,20469,5061,17,of:0000000000000001,164,voip,1740564930484185000
10.0.0.29,10.0.0.7,20469,5061,17,of:0000000000000001,222,voip,1740564930503053000
10.0.0.29,10.0.0.7,20469,5061,17,of:0000000000000001,238,voip,1740564930520990000
10.0.0.29,10.0.0.7,20469,5061,17,of:0000000000000001,153,voip,1740564930521990000
10.0.0.29,10.0.0.7,20469,5061,17,of:0000000000000001,197,voip,1740564930522990000
10.0.0.29,10.0.0.7,20469,5061,17,of:0000000000000001,80,voip,1740564930544464000
10.0.0.29,10.0.0.7,20469,5061,17,of:0000000000000001,148,voip,1740564930562130000
10.0.0.29,10.0.0.7,20469,5061,17,of:0000000000000001,187,voip,1740564930563130000
10.0.0.29,10.0.0.7,20469,5061,17,of:0000000000000001,137,voip,1740564930564130000
10.0.0.29,10.0.0.7,20469,5061,17,of:0000000000000001,281,voip,1740564930565130000
10.0.0.29,10.0.0.7,20469,5061,17,of:0000000000000001,128,voip,1740564930566130000
10.0.0.29,10.0.0.7,20469,5061,17,of:0000000000000001,177,voip,1740564930587460000
10.0.0.29,10.0.0.7,20469,5061,17,of:0000000000000001,206,voip,1740564930606155000
10.0.0.29,10.0.0.7,20469,5061,17,of:0000000000000001,272,voip,1740564930628183000
10.0.0.29,10.0.0.7,20469,5061,17,of:0000000000000001,128,voip,1740564930650269000
10.0.0.29,10.0.0.7,20469,5061,17,of:0000000000000001,258,voip,1740564930669863000
10.0.0.29,10.0.0.7,20469,5061,17,of:0000000000000001,200,voip,1740564930689194000
10.0.0.29,10.0.0.7,20469,5061,17,of:0000000000000001,150,voip,1740564930712023000
10.0.0.29,10.0.0.7,20469,5061,17,of:0000000000000001,223,voip,1740564930733940000
10.0.0.29,10.0.0.7,20469,5061,17,of:0000000000000001,209,voip,1740564930757397000
10.0.0.29,10.0.0.7,20469,5061,17,of:0000000000000001,169,voip,1740564930781273000
10.0.0.29,10.0.0.7,20469,5061,17,of:0000000000000001,203,voip,1740564930804951000
10.0.0.29,10.0.0.7,20469,5061,17,of:0000000000000001,180,voip,1740564930805951000
10.0.0.29,10.0.0.7,20469,5061,17,of:0000000000000001,205,voip,1740564930806951000
10.0.0.29,10.0.0.7,20469,5061,17,of:0000000000000001,233,voip,1740564930807951000
10.0.0.29,10.0.0.7,20469,5061,17,of:0000000000000001,279,voip,1740564930808951000
10.0.0.29,10.0.0.7,20469,5061,17,of:0000000000000001,138,voip,1740564930809951000
10.0.0.29,10.0.0.7,20469,5061,17,of:0000000000000001,306,voip,1740564930810951000
10.0.0.29,10.0.0.7,20469,5061,17,of:0000000000000001,102,voip,1740564930811951000
10.0.0.29,10.0.0.7,20469,5061,17,of:0000000000000001,192,voip,1740564930838555000
10.0.0.29,10.0.0.7,20469,5061,17,of:0000000000000001,229,voip,1740564930861935000
10.0.0.29,10.0.0.7,20469,5061,17,of:0000000000000001,214,voip,1740564930887063000
10.0.0.29,10.0.0.7,20469,5061,17,of:0000000000000001,168,voip,1740564930909613000
10.0.0.29,10.0.0.7,20469,5061,17,of:0000000000000001,189,voip,1740564930933440000
10.0.0.29,10.0.0.7,20469,5061,17,of:0000000000000001,175,voip,1740564930934440000
10.0.0.29,10.0.0.7,20469,5061,17,of:0000000000000001,170,voip,1740564930935440000
10.0.0.29,10.0.0.7,20469,5061,17,of:0000000000000001,242,voip,1740564930936440000
10.0.0.29,10.0.0.7,20469,5061,17,of:0000000000000001,217,voip,1740564930937440000
10.0.0.29,10.0.0.7,20469,5061,17,of:0000000000000001,165,voip,1740564930938440000
10.0.0.29,10.0.0.7,20469,5061,17,of:0000000000000001,244,voip,1740564930963619000
10.0.0.29,10.0.0.7,20469,5061,17,of:0000000000000001,215,voip,1740564930989214000
10.0.0.29,10.0.0.7,20469,5061,17,of:0000000000000001,240,voip,1740564931016750000
10.0.0.29,10.0.0.7,20469,5061,17,of:0000000000000001,231,voip,1740564931040454000
10.0.0.29,10.0.0.7,20469,5061,17,of:0000000000000001,158,voip,1740564931065947000
10.0.0.29,10.0.0.7,20469,5061,17,of:0000000000000001,171,voip,1740564931095031000
10.0.0.29,10.0.0.7,20469,5061,17,of:0000000000000001,237,voip,1740564931122589000
10.0.0.29,10.0.0.7,20469,5061,17,of:0000000000000001,230,voip,1740564931152188000
10.0.0.29,10.0.0.7,20469,5061,17,of:0000000000000001,198,voip,1740564931181777000
10.0.0.29,10.0.0.7,20469,5061,17,of:0000000000000001,205,voip,1740564931211755000
10.0.0.29,10.0.0.7,20469,5061,17,of:0000000000000001,263,voip,1740564931241908000
10.0.0.29,10.0.0.7,20469,5061,17,of:0000000000000001,170,voip,1740564931267531000
10.0.0.29,10.0.0.7,20469,5061,17,of:0000000000000001,227,voip,1740564931296811000
10.0.0.29,10.0.0.7,20469,5061,17,of:0000000000000001,189,voip,1740564931325610000
10.0.0.29,10.0.0.7,20469,5061,17,of:0000000000000001,189,voip,1740564931353357000
10.0.0.29,10.0.0.7,20469,5061,17,of:0000000000000001,254,voip,1740564931380554000
10.0.0.29,10.0.0.7,20469,5061,17,of:0000000000000001,241,voip,1740564931406484000
10.0.0.29,10.0.0.7,20469,5061,17,of:0000000000000001,240,voip,1740564931435707000
10.0.0.29,10.0.0.7,20469,5061,17,of:0000000000000001,265,voip,1740564931466320000
10.0.0.29,10.0.0.7,20469,5061,17,of:0000000000000001,201,voip,1740564931494922000
10.0.0.29,10.0.0.7,20469,5061,17,of:0000000000000001,234,voip,1740564931525494000
10.0.0.29,10.0.0.7,20469,5061,17,of:0000000000000001,184,voip,1740564931554185000
10.0.0.29,10.0.0.7,20469,5061,17,of:0000000000000001,216,voip,1740564931585504000
10.0.0.29,10.0.0.7,20469,5061,17,of:0000000000000001,193,voip,1740564931614359000
10.0.0.29,10.0.0.7,20469,5061,17,of:0000000000000001,204,voip,1740564931643774000
10.0.0.29,10.0.0.7,20469,5061,17,of:0000000000000001,229,voip,1740564931671537000
10.0.0.29,10.0.0.7,20469,5061,17,of:0000000000000001,159,voip,1740564931704180000
10.0.0.29,10.0.0.7,20469,5061,17,of:0000000000000001,304,voip,1740564931736596000
10.0.0.29,10.0.0.7,20469,5061,17,of:0000000000000001,149,voip,1740564931765402000
10.0.0.29,10.0.0.7,20469,5061,17,of:0000000000000001,139,voip,1740564931792405000
10.0.0.29,10.0.0.7,20469,5061,17,of:0000000000000001,257,voip,1740564931821984000
10.0.0.29,10.0.0.7,20469,5061,17,of:0000000000000001,239,voip,1740564931852912000
10.0.0.29,10.0.0.7,20469,5061,17,of:0000000000000001,231,voip,1740564931882565000
10.0.0.29,10.0.0.7,20469,5061,17,of:0000000000000001,231,voip,1740564931912404000
10.0.0.29,10.0.0.7,20469,5061,17,of:0000000000000001,199,voip,1740564931944180000
10.0.0.29,10.0.0.7,20469,5061,17,of:0000000000000001,155,voip,1740564931971689000
